english_name,chinese_name,source_id,extra_json
3 Ninjas Kick Back (USA),小鬼当家又难缠 （美版）,MDCD#1,
A-Rank Thunder - Tanjou-hen (Japan),A级雷电 - 诞生篇 （日版）,MDCD#2,
A-X-101 (USA) (RE),A-X-101 （美版） (RE),MDCD#3,
"Adventures of Batman and Robin, The (Europe)",蝙蝠侠与罗宾大冒险 （欧版）,MDCD#4,
"Adventures of Batman and Robin, The (USA)",蝙蝠侠与罗宾大冒险 （美版）,MDCD#5,
"Adventures of Willy Beamish, The (USA) (Alt)",威利·比米什的冒险 （美版） (ALT),MDCD#6,
"Adventures of Willy Beamish, The (USA)",威利·比米什的冒险 （美版）,MDCD#7,
After Armageddon Gaiden - Majuu Toushouden Eclipse (Japan),世界末日之后 外传 - 魔獣闘将伝 （日版）,MDCD#8,
After Burner III (Europe),冲破火网 III （欧版）,MDCD#9,
After Burner III (Japan),冲破火网 III （日版）,MDCD#10,
After Burner III (USA),冲破火网 III （美版）,MDCD#11,
AH3 - Thunderstrike (USA),AH3 - 闪电特攻 （美版）,MDCD#12,
Aisle Lord (Japan),走道领主 （日版）,MDCD#13,
Alshark (Japan),星际怒涛 （日版）,MDCD#14,
"Amazing Spider-Man vs. The Kingpin, The (Europe)",神奇蜘蛛侠大战金并 （欧版）,MDCD#15,
"Amazing Spider-Man vs. The Kingpin, The (USA) (Rev 1)",神奇蜘蛛侠大战金并 （美版） (REV 1),MDCD#16,
"Amazing Spider-Man vs. The Kingpin, The (USA)",神奇蜘蛛侠大战金并 （美版）,MDCD#17,
Android Assault - The Revenge of Bari-Arm (USA),机甲袭击 （美版）,MDCD#18,
"Animals!, The (Europe)",动物们 （欧版）,MDCD#19,
"Animals!, The (USA)",动物们 （美版）,MDCD#20,
Annett Futatabi (Japan),アネット再び （日版）,MDCD#21,
Aoki Ookami to Shiroki Mejika - Genchou Hishi (Japan),苍狼与白鹿 - 元朝秘史 （日版）,MDCD#22,
"Arcus I, II, III (Japan)","弓 I, II, III （日版）",MDCD#23,
Arslan Senki (Japan),亚尔斯兰战记 （日版）,MDCD#24,
AX-101 (Japan),AX-101 （日版）,MDCD#25,
Bakuden - The Unbalanced Zone (Japan),爆伝 - 不平衡地区 （日版）,MDCD#26,
Bari-Arm (Japan),BARI-ARM （日版）,MDCD#27,
Batman Returns (Europe) (Alt),蝙蝠侠 回归 （欧版） (ALT),MDCD#28,
Batman Returns (Europe),蝙蝠侠 回归 （欧版）,MDCD#29,
Batman Returns (USA) (Alt),蝙蝠侠 回归 （美版） (ALT),MDCD#30,
Batman Returns (USA),蝙蝠侠 回归 （美版）,MDCD#31,
Battle Fantasy (Japan) (Rev A),战斗幻想 （日版） (REV A),MDCD#32,
Battle Frenzy (USA) (Unl),狂暴战士 （美版） （未授权版）,MDCD#33,
Battlecorps (Europe) (Demo),战斗军团 （欧版） (体验版),MDCD#34,
"Battlecorps (Europe) (En,Fr,De,Es)","战斗军团 （欧版） (EN,FR,DE,ES)",MDCD#35,
Battlecorps (Japan),战斗军团 （日版）,MDCD#36,
Battlecorps (USA),战斗军团 （美版）,MDCD#37,
BattleTech - Gray Death Legion (USA) (Unl),战斗机甲:格雷死神军团 （美版） （未授权版）,MDCD#38,
BC Racers (Europe) (Demo) (Green Disc),石器时代赛车 （欧版） (体验版) (GREEN DISC),MDCD#39,
BC Racers (Europe) (Demo) (Yellow Disc),石器时代赛车 （欧版） (体验版) (YELLOW DISC),MDCD#40,
"BC Racers (Europe) (En,Fr,De)","石器时代赛车 （欧版） (EN,FR,DE)",MDCD#41,
BC Racers (USA),石器时代赛车 （美版）,MDCD#42,
Beast II (Europe) (Demo),兽 II （欧版） (体验版),MDCD#43,
Beast II (Europe),兽 II （欧版）,MDCD#44,
Bill Walsh College Football (Europe),大学生足球赛 （欧版）,MDCD#45,
Bill Walsh College Football (USA),大学生足球赛 （美版）,MDCD#46,
Black Hole Assault (Japan),黑洞攻击 （日版）,MDCD#47,
Blackhole Assault (Europe),黑洞攻击 （欧版）,MDCD#48,
Blackhole Assault (USA) (Alt),黑洞攻击 （美版） (ALT),MDCD#49,
Blackhole Assault (USA),黑洞攻击 （美版）,MDCD#50,
"Bloodshot ~ Battle Frenzy (Europe) (En,Fr,De,Es)","狂暴战士 （欧版） (EN,FR,DE,ES)",MDCD#51,
Bouncers (USA),巨人 （美版）,MDCD#52,
Bram Stoker's Dracula (USA) (Alt 1),吸血鬼惊情四百年 （美版） (ALT 1),MDCD#53,
Bram Stoker's Dracula (USA) (Alt 2),吸血鬼惊情四百年 （美版） (ALT 2),MDCD#54,
Bram Stoker's Dracula (USA) (Version 2.0),吸血鬼惊情四百年 （美版） (版本 2.0),MDCD#55,
Bram Stoker's Dracula (USA),吸血鬼惊情四百年 （美版）,MDCD#56,
Brutal - Paws of Fury (Europe),动物快打 （欧版）,MDCD#57,
Brutal - Paws of Fury (USA),动物快打 （美版）,MDCD#58,
Bug Blasters - The Exterminators (USA) (Unl) (Rerelease),灭虫敢死队 （美版） （未授权版） (再发行版),MDCD#59,
Burai - Yatsudama no Yuushi Densetsu (Japan),光明八勇士传说 （日版）,MDCD#60,
Burning Fists - Force Striker (USA) (Unl),燃烧的拳头-重击 （美版） （未授权版）,MDCD#61,
"Cadillacs and Dinosaurs - The Second Cataclysm (USA, Brazil) (RE)","凯迪拉克和恐龙-第二次大灾难 (美国版,巴西版) (RE)",MDCD#62,
Captain Tsubasa (Japan),足球小将 （日版）,MDCD#63,
Championship Soccer '94 (USA),足球锦标赛 '94 （美版）,MDCD#64,
Chuck Rock (Europe),呆呆原始人 （欧版）,MDCD#65,
Chuck Rock (USA),呆呆原始人 （美版）,MDCD#66,
Chuck Rock II - Son of Chuck (Europe),呆呆原始人 II - 小原始人 （欧版）,MDCD#67,
Chuck Rock II - Son of Chuck (USA),呆呆原始人 II - 小原始人 （美版）,MDCD#68,
Citizen X (USA) (Unl),公民 X （美版） （未授权版）,MDCD#69,
Cliffhanger (USA),绝岭雄风 （美版）,MDCD#70,
Cobra Command (Europe),眼镜蛇司令部 （欧版）,MDCD#71,
Cobra Command (USA),眼镜蛇司令部 （美版）,MDCD#72,
"Colors of Modern Rock, The (USA)",现代摇滚的色彩 （美版）,MDCD#73,
Compton's Interactive Encyclopedia (USA) (Version 2.00S),交互式百科全书 （美版） (版本 2.00S),MDCD#74,
Compton's Interactive Encyclopedia (USA) (Version 2.01R),交互式百科全书 （美版） (版本 2.01R),MDCD#75,
Compton's Interactive Encyclopedia (USA) (Version 2.01S),交互式百科全书 （美版） (版本 2.01S),MDCD#76,
Compton's Interactive Encyclopedia (USA) (Version 2.10) (RE2),交互式百科全书 （美版） (版本 2.10) (RE2),MDCD#77,
Corpse Killer (Europe) (Mega-CD 32X),尸体杀手 （欧版） (MEGA-CD 32X),MDCD#78,
Corpse Killer (Europe),尸体杀手 （欧版）,MDCD#79,
Corpse Killer (USA) (Sega CD 32X),尸体杀手 （美版） (世嘉 CD 32X),MDCD#80,
Corpse Killer (USA),尸体杀手 （美版）,MDCD#81,
Cosmic Fantasy Stories (Japan),宇宙幻想故事 （日版）,MDCD#82,
Crime Patrol (USA),罪恶刑警 （美版）,MDCD#83,
Cyborg 009 (Japan),机械人 009 （日版）,MDCD#84,
Daihoushinden (Japan),大封神传 （日版）,MDCD#85,
Dark Wizard (USA),黑魔法师 （美版）,MDCD#86,
Dark Wizard - Yomigaeri Shiyami no Madoushi (Japan),黑魔法师 - 苏醒的黑暗魔导士 （日版）,MDCD#87,
Death Bringer (Japan),死亡使者 （日版）,MDCD#88,
Demolition Man (USA),越空狂龙 （美版）,MDCD#89,
Dennin Aleste - Nobunaga and His Ninja Force (Japan),电忍雅士达 （日版）,MDCD#90,
Detonator Orgun (Japan),铁骑士再临 （日版）,MDCD#91,
Devastator (Japan),破坏者 （日版）,MDCD#92,
Double Switch (Europe),双调转术 （欧版）,MDCD#93,
Double Switch (Japan),双调转术 （日版）,MDCD#94,
Double Switch (USA),双调转术 （美版）,MDCD#95,
Dracula Unleashed (Europe) (Disc 1) (Made in E.U.),被释放的吸血鬼 （欧版） (DISC 1) (MADE IN E.U.),MDCD#96,
Dracula Unleashed (Europe) (Disc 1) (Made in Japan),被释放的吸血鬼 （欧版） (DISC 1) (MADE IN JAPAN),MDCD#97,
Dracula Unleashed (Europe) (Disc 2) (Made in E.U.),被释放的吸血鬼 （欧版） (DISC 2) (MADE IN E.U.),MDCD#98,
Dracula Unleashed (Europe) (Disc 2) (Made in Japan),被释放的吸血鬼 （欧版） (DISC 2) (MADE IN JAPAN),MDCD#99,
Dracula Unleashed (USA) (Disc 1),被释放的吸血鬼 （美版） (DISC 1),MDCD#100,
Dracula Unleashed (USA) (Disc 2),被释放的吸血鬼 （美版） (DISC 2),MDCD#101,
Dragon's Lair (Europe),龙穴历险记 （欧版）,MDCD#102,
"Dragon's Lair (Japan) (En,Ja,Fr,De,It)","龙穴历险记 （日版） (EN,JA,FR,DE,IT)",MDCD#103,
Dragon's Lair (USA) (Demo),龙穴历险记 （美版） (体验版),MDCD#104,
Dragon's Lair (USA),龙穴历险记 （美版）,MDCD#105,
"Dune (Europe) (En,Fr,De,Es,It,Ar)","沙丘 （欧版） (EN,FR,DE,ES,IT,AR)",MDCD#106,
Dune (USA),沙丘 （美版）,MDCD#107,
Dungeon Explorer (Europe),迷宫探险家-盟约之门 （欧版）,MDCD#108,
Dungeon Explorer (USA),迷宫探险家-盟约之门 （美版）,MDCD#109,
Dungeon Master II - Skullkeep (Europe),地下城主 II - SKULLKEEP （欧版）,MDCD#110,
Dungeon Master II - Skullkeep (Japan),地下城主 II - SKULLKEEP （日版）,MDCD#111,
Dungeon Master II - Skullkeep (USA) (RE3),地下城主 II - SKULLKEEP （美版） (RE3),MDCD#112,
Dynamic Country Club (Japan),乡村高尔夫俱乐部 （日版）,MDCD#113,
Earnest Evans (Japan),热心的埃文斯 （日版）,MDCD#114,
Earthworm Jim - Special Edition (Europe),蚯蚓吉姆 - 特别版 （欧版）,MDCD#115,
Earthworm Jim - Special Edition (USA) (RE),蚯蚓吉姆 - 特别版 （美版） (RE),MDCD#116,
"Ecco - The Tides of Time (Europe) (En,Fr,De,Es)","海豚 - 潮汐时间 （欧版） (EN,FR,DE,ES)",MDCD#117,
Ecco - The Tides of Time (USA) (Alt),海豚 - 潮汐时间 （美版） (ALT),MDCD#118,
Ecco - The Tides of Time (USA),海豚 - 潮汐时间 （美版）,MDCD#119,
Ecco the Dolphin (Australia),海豚 (澳洲版),MDCD#120,
Ecco the Dolphin (Europe) (Rerelease),海豚 （欧版） (再发行版),MDCD#121,
Ecco the Dolphin (Europe),海豚 （欧版）,MDCD#122,
Ecco the Dolphin (USA),海豚 （美版）,MDCD#123,
Ecco the Dolphin CD (Japan) (Disc 1) (Ecco the Dolphin),海豚 CD （日版） (DISC 1) (海豚),MDCD#124,
Ecco the Dolphin CD (Japan) (Disc 2) (Ecco the Dolphin II),海豚 CD （日版） (DISC 2) (海豚 II),MDCD#125,
Egawa Suguru no Super League CD (Japan),江川卓超级联赛 CD （日版）,MDCD#126,
ESPN Baseball Tonight (Europe),ESPN棒球直播 （欧版）,MDCD#127,
ESPN Baseball Tonight (USA),ESPN棒球直播 （美版）,MDCD#128,
ESPN National Hockey Night (USA),ESPN 夜色曲棍球 （美版）,MDCD#129,
ESPN NBA Hangtime '95 (USA),ESPN-NBA大灌篮 '95 （美版）,MDCD#130,
ESPN Sunday Night NFL (USA),ESPN 星期日晚间橄榄球联赛 （美版）,MDCD#131,
Eternal Champions - Challenge from the Dark Side (Europe) (Beta),永恒的冠军 : 挑战从黑暗的一面 （欧版） (测试版),MDCD#132,
Eternal Champions - Challenge from the Dark Side (Europe),永恒的冠军 : 挑战从黑暗的一面 （欧版）,MDCD#133,
Eternal Champions - Challenge from the Dark Side (USA) (Beta),永恒的冠军 : 挑战从黑暗的一面 （美版） (测试版),MDCD#134,
Eternal Champions - Challenge from the Dark Side (USA) (RE),永恒的冠军 : 挑战从黑暗的一面 （美版） (RE),MDCD#135,
Eternal Champions - Challenge from the Dark Side (USA),永恒的冠军 : 挑战从黑暗的一面 （美版）,MDCD#136,
Eye of the Beholder (Europe),燃情追踪 （欧版）,MDCD#137,
Eye of the Beholder (Japan),燃情追踪 （日版）,MDCD#138,
Eye of the Beholder (USA),燃情追踪 （美版）,MDCD#139,
F1 Circus CD (Japan),F1巡回赛 CD （日版）,MDCD#140,
Fahrenheit (Europe),华氏温度 （欧版）,MDCD#141,
Fahrenheit (France),华氏温度 （法版）,MDCD#142,
Fahrenheit (Japan),华氏温度 （日版）,MDCD#143,
Fahrenheit (USA) (Disc 1) (Key Disc) (Sega CD),华氏温度 （美版） (DISC 1) (KEY DISC) (世嘉 CD),MDCD#144,
Fahrenheit (USA) (Disc 2) (32X CD),华氏温度 （美版） (DISC 2) (32X CD),MDCD#145,
Fatal Fury Special (Europe) (Beta),饿狼传说 特别版 （欧版） (测试版),MDCD#146,
Fatal Fury Special (Europe) (Demo),饿狼传说 特别版 （欧版） (体验版),MDCD#147,
Fatal Fury Special (Europe),饿狼传说 特别版 （欧版）,MDCD#148,
Fatal Fury Special (USA),饿狼传说 特别版 （美版）,MDCD#149,
FIFA International Soccer (USA),FIFA 国际化 足球 （美版）,MDCD#150,
FIFA International Soccer - Championship Edition (Europe) (Demo) (Alt),FIFA 国际化 足球 - 锦标赛版 （欧版） (体验版) (ALT),MDCD#151,
FIFA International Soccer - Championship Edition (Europe) (Demo),FIFA 国际化 足球 - 锦标赛版 （欧版） (体验版),MDCD#152,
FIFA International Soccer - Championship Edition (Europe),FIFA 国际化 足球 - 锦标赛版 （欧版）,MDCD#153,
Final Fight CD (Europe),快打旋风 CD （欧版）,MDCD#154,
Final Fight CD (Japan) (Rev A),快打旋风 CD （日版） (REV A),MDCD#155,
Final Fight CD (Japan),快打旋风 CD （日版）,MDCD#156,
Final Fight CD (USA) (Alt 1),快打旋风 CD （美版） (ALT 1),MDCD#157,
Final Fight CD (USA) (Alt 2),快打旋风 CD （美版） (ALT 2),MDCD#158,
Final Fight CD (USA),快打旋风 CD （美版）,MDCD#159,
Flashback (Europe) (Demo),闪回 （欧版） (体验版),MDCD#160,
Flashback - The Quest for Identity (USA),闪回 - 身份之谜 （美版）,MDCD#161,
Flink (Europe),弗兰克 （欧版）,MDCD#162,
Flink (USA),弗兰克 （美版）,MDCD#163,
Formula One World Championship - Beyond the Limit (Europe),一级方程式世界锦标赛 - 超越极限 （欧版）,MDCD#164,
Formula One World Championship - Beyond the Limit (USA),一级方程式世界锦标赛 - 超越极限 （美版）,MDCD#165,
Fresh Cleaner (Japan),清洁剂 （日版）,MDCD#166,
Game no Kandume Vol. 1 (Japan),游戏结束 卷 1 （日版）,MDCD#167,
Game no Kandume Vol. 2 (Japan),游戏结束 卷 2 （日版）,MDCD#168,
Garou Densetsu Special (Japan),饿狼传说 DENSETSU 特别版 （日版）,MDCD#169,
Genei Toshi - Illusion City (Japan),幻影都市 （日版）,MDCD#170,
Ground Zero Texas (Europe) (Disc 1),德克萨斯州世贸中心 （欧版） (DISC 1),MDCD#171,
Ground Zero Texas (Europe) (Disc 2),德克萨斯州世贸中心 （欧版） (DISC 2),MDCD#172,
Ground Zero Texas (USA) (Disc 1),德克萨斯州世贸中心 （美版） (DISC 1),MDCD#173,
Ground Zero Texas (USA) (Disc 2) (Alt),德克萨斯州世贸中心 （美版） (DISC 2) (ALT),MDCD#174,
Ground Zero Texas (USA) (Disc 2),德克萨斯州世贸中心 （美版） (DISC 2),MDCD#175,
Gyuwambler Jiko Chuushinha 2 - Gekitou! Tokyo Mahjongland Hen (Japan),自我中心派 2 - GEKITOU! 东京麻将篇 （日版）,MDCD#176,
Heart of the Alien - Out of This World Parts I and II (USA) (RE),异性之心 - 世界之外1+2 （美版） (RE),MDCD#177,
Heavenly Symphony - Formula One World Championship 1993 (Japan),天堂交响曲 - 一级方程式世界锦标赛 1993 （日版）,MDCD#178,
Heavy Nova (Japan),重装诺瓦 （日版）,MDCD#179,
Heimdall (Japan),守护神 海姆达尔 （日版）,MDCD#180,
Heimdall (USA),守护神 海姆达尔 （美版）,MDCD#181,
Hook (Europe),小飞侠 （欧版）,MDCD#182,
Hook (USA) (Alt),小飞侠 （美版） (ALT),MDCD#183,
Hook (USA),小飞侠 （美版）,MDCD#184,
"IIIrd World War, The (Japan)",第三次世界大战 （日版）,MDCD#185,
Iron Helix (USA),钢铁螺旋 （美版）,MDCD#186,
Ishii Hisaichi no Daiseikai (Japan),势均力敌的大政界 （日版）,MDCD#187,
"Jaguar XJ220 (Europe) (En,Ja)","美洲虎 XJ220 （欧版） (EN,JA)",MDCD#188,
"Jaguar XJ220 (Japan) (En,Ja)","美洲虎 XJ220 （日版） (EN,JA)",MDCD#189,
Jaguar XJ220 (USA),美洲虎 XJ220 （美版）,MDCD#190,
Jangou World Cup (Japan),JANGOU WORLD CUP （日版）,MDCD#191,
Jeopardy! (USA),危险边缘知识问答 （美版）,MDCD#192,
Joe Montana's NFL Football (USA),乔蒙大拿的橄榄球联赛 （美版）,MDCD#193,
Jurassic Park (Europe) (Rerelease),侏罗纪公园 （欧版） (再发行版),MDCD#194,
Jurassic Park (Europe),侏罗纪公园 （欧版）,MDCD#195,
Jurassic Park (France),侏罗纪公园 （法版）,MDCD#196,
Jurassic Park (Germany),侏罗纪公园 （德版）,MDCD#197,
Jurassic Park (Japan),侏罗纪公园 （日版）,MDCD#198,
Jurassic Park (Spain),侏罗纪公园 (西班牙版),MDCD#199,
Jurassic Park (USA) (RE),侏罗纪公园 （美版） (RE),MDCD#200,
Kamen Rider ZO (Japan),假面骑士 ZO （日版）,MDCD#201,
Keio Flying Squadron (Europe) (Demo),慶応遊撃隊 （欧版） (体验版),MDCD#202,
Keio Flying Squadron (Europe),慶応遊撃隊 （欧版）,MDCD#203,
Keio Flying Squadron (USA),慶応遊撃隊 （美版）,MDCD#204,
Keiou Yuugekitai (Japan) (Sample),慶応遊撃隊 （日版） 体验版,MDCD#205,
Keiou Yuugekitai (Japan),慶応遊撃隊 （日版）,MDCD#206,
Kids on Site (Europe) (RE-1),现场儿童 （欧版） (RE-1),MDCD#207,
Kids on Site (USA),现场儿童 （美版）,MDCD#208,
"Lawnmower Man, The (Europe) (Demo)",割草人 （欧版） (体验版),MDCD#209,
"Lawnmower Man, The (Europe)",割草人 （欧版）,MDCD#210,
"Lawnmower Man, The (USA)",割草人 （美版）,MDCD#211,
Lethal Enforcers (Europe),致命杀手 （欧版）,MDCD#212,
Lethal Enforcers (Japan),致命杀手 （日版）,MDCD#213,
Lethal Enforcers (USA) (Alt),致命杀手 （美版） (ALT),MDCD#214,
Lethal Enforcers (USA),致命杀手 （美版）,MDCD#215,
Lethal Enforcers II - Gun Fighters (Europe) (Beta),致命杀手 II - GUN FIGHTERS （欧版） (测试版),MDCD#216,
Lethal Enforcers II - Gun Fighters (Europe) (Demo),致命杀手 II - GUN FIGHTERS （欧版） (体验版),MDCD#217,
Lethal Enforcers II - Gun Fighters (Europe),致命杀手 II - GUN FIGHTERS （欧版）,MDCD#218,
Lethal Enforcers II - Gun Fighters (USA),致命杀手 II - GUN FIGHTERS （美版）,MDCD#219,
Lethal Enforcers II - The Western (Japan),致命杀手 II - THE WESTERN （日版）,MDCD#220,
Links - The Challenge of Golf (USA) (RE),高尔夫挑战赛 （美版） (RE),MDCD#221,
"Loadstar - The Legend of Tully Bodine (USA, Brazil)","北极星-杜利伯丁传奇 (美国版,巴西版)",MDCD#222,
Lords of Thunder (Europe),雷神 （欧版）,MDCD#223,
Lords of Thunder (USA),雷神 （美版）,MDCD#224,
Lunar - Eternal Blue (Japan) (Demo),露娜 - 永恒之蓝 （日版） (体验版),MDCD#225,
Lunar - Eternal Blue (Japan) (Rev A),露娜 - 永恒之蓝 （日版） (REV A),MDCD#226,
Lunar - Eternal Blue (Japan),露娜 - 永恒之蓝 （日版）,MDCD#227,
Lunar - Eternal Blue (USA) (RE),露娜 - 永恒之蓝 （美版） (RE),MDCD#228,
Lunar - The Silver Star (Japan),露娜 - 银河之星 （日版）,MDCD#229,
Lunar - The Silver Star (USA) (RE),露娜 - 银河之星 （美版） (RE),MDCD#230,
Lunar - The Silver Star (USA),露娜 - 银河之星 （美版）,MDCD#231,
Mad Dog II - The Lost Gold (USA),疯狗Ⅱ之黄金失窃案 （美版）,MDCD#232,
Mad Dog McCree (USA),疯狗麦基利 （美版）,MDCD#233,
Mahou no Shoujo - Silky Lip (Japan),魔法少女 - 柔滑的嘴唇 （日版）,MDCD#234,
Make My Video - INXS (Europe),制作我的视频 - INXS （欧版）,MDCD#235,
Make My Video - INXS (USA) (Beta),制作我的视频 - INXS （美版） (测试版),MDCD#236,
Make My Video - INXS (USA),制作我的视频 - INXS （美版）,MDCD#237,
Make My Video - Kris Kross (Europe),制作我的视频 - KRIS KROSS （欧版）,MDCD#238,
Make My Video - Kris Kross (USA),制作我的视频 - KRIS KROSS （美版）,MDCD#239,
Make My Video - Marky Mark and the Funky Bunch (USA) (Beta),制作我的视频 - 马克和那群时髦的家伙 （美版） (测试版),MDCD#240,
Make My Video - Marky Mark and the Funky Bunch (USA),制作我的视频 - 马克和那群时髦的家伙 （美版）,MDCD#241,
Mansion of Hidden Souls (USA),梦见馆物语 （美版）,MDCD#242,
"Marko's Magic Football (Europe) (En,Fr,De,Es)","马可的魔术足球 （欧版） (EN,FR,DE,ES)",MDCD#243,
Mary Shelley's Frankenstein (USA),科学怪人之再生情狂 （美版）,MDCD#244,
"Masked Rider, The - Kamen Rider ZO (USA)",假面骑士 ZO （美版）,MDCD#245,
Mega Schwarzschild (Japan),银河战国列传 （日版）,MDCD#246,
MegaRace (USA),烈火战车 （美版）,MDCD#247,
"Mickey Mania (Europe) (Demo) (Mega Power, Sega Pro)","疯狂米老鼠 （欧版） (体验版) (MEGA POWER, 世嘉 PRO)",MDCD#248,
Mickey Mania (Europe) (Demo) (Mega Sega),疯狂米老鼠 （欧版） (体验版) (MEGA 世嘉),MDCD#249,
Mickey Mania (Europe),疯狂米老鼠 （欧版）,MDCD#250,
Mickey Mania - The Timeless Adventures of Mickey Mouse (USA),米老鼠狂热-米老鼠永恒的冒险 （美版）,MDCD#251,
Microcosm (Europe) (Alt),缩影 （欧版） (ALT),MDCD#252,
Microcosm (Europe),缩影 （欧版）,MDCD#253,
Microcosm (Japan) (Demo),缩影 （日版） (体验版),MDCD#254,
Microcosm (Japan),缩影 （日版）,MDCD#255,
Microcosm (USA),缩影 （美版）,MDCD#256,
Midnight Raiders (Europe),夜袭者 （欧版）,MDCD#257,
Midnight Raiders (USA),夜袭者 （美版）,MDCD#258,
Might and Magic III - Isles of Terra (Japan),魔法门3:幻岛历险记 （日版）,MDCD#259,
Mighty Morphin Power Rangers (Europe),恐龙战士 （欧版）,MDCD#260,
Mighty Morphin Power Rangers (USA),恐龙战士 （美版）,MDCD#261,
Mortal Kombat (Europe),真人快打 （欧版）,MDCD#262,
Mortal Kombat (USA),真人快打 （美版）,MDCD#263,
Mortal Kombat Kanzenban (Japan),真人快打 完全版 （日版）,MDCD#264,
My Paint (USA),我的涂鸦 （美版）,MDCD#265,
NBA Jam (Europe),美国职业篮球联赛JAM （欧版）,MDCD#266,
NBA Jam (Japan),美国职业篮球联赛JAM （日版）,MDCD#267,
NBA Jam (USA),美国职业篮球联赛JAM （美版）,MDCD#268,
NFL Football Trivia Challenge (USA),美国橄榄球挑战赛 （美版）,MDCD#269,
NFL's Greatest - San Francisco vs. Dallas 1978-1993 (USA),NFL伟大时刻-旧金山对达拉斯 1978-1993 （美版）,MDCD#270,
NHL '94 (USA),加拿大冰球联赛 '94 （美版）,MDCD#271,
NHL Hockey '94 (Europe),加拿大冰球联赛 HOCKEY '94 （欧版）,MDCD#272,
"Night Striker (Japan, Korea)","午夜出击 (日版,韩版)",MDCD#273,
Night Trap (Europe) (Disc 1) (Mega-CD 32X),午夜陷阱 （欧版） (DISC 1) (MEGA-CD 32X),MDCD#274,
Night Trap (Europe) (Disc 1),午夜陷阱 （欧版） (DISC 1),MDCD#275,
Night Trap (Europe) (Disc 2) (Mega-CD 32X),午夜陷阱 （欧版） (DISC 2) (MEGA-CD 32X),MDCD#276,
Night Trap (Europe) (Disc 2),午夜陷阱 （欧版） (DISC 2),MDCD#277,
Night Trap (France) (Disc 1),午夜陷阱 （法版） (DISC 1),MDCD#278,
Night Trap (France) (Disc 2),午夜陷阱 （法版） (DISC 2),MDCD#279,
Night Trap (Japan) (Disc 1),午夜陷阱 （日版） (DISC 1),MDCD#280,
Night Trap (Japan) (Disc 2),午夜陷阱 （日版） (DISC 2),MDCD#281,
Night Trap (Japan) (Sample),午夜陷阱 （日版） 体验版,MDCD#282,
Night Trap (USA) (Disc 1) (Alt),午夜陷阱 （美版） (DISC 1) (ALT),MDCD#283,
Night Trap (USA) (Disc 1) (Rerelease) (Alt),午夜陷阱 （美版） (DISC 1) (再发行版) (ALT),MDCD#284,
Night Trap (USA) (Disc 1) (Rerelease),午夜陷阱 （美版） (DISC 1) (再发行版),MDCD#285,
Night Trap (USA) (Disc 1) (Sega CD 32X) (RE-1),午夜陷阱 （美版） (DISC 1) (世嘉 CD 32X) (RE-1),MDCD#286,
Night Trap (USA) (Disc 1),午夜陷阱 （美版） (DISC 1),MDCD#287,
Night Trap (USA) (Disc 2) (Rerelease) (Alt),午夜陷阱 （美版） (DISC 2) (再发行版) (ALT),MDCD#288,
Night Trap (USA) (Disc 2) (Rerelease),午夜陷阱 （美版） (DISC 2) (再发行版),MDCD#289,
Night Trap (USA) (Disc 2) (Sega CD 32X) (RE-1),午夜陷阱 （美版） (DISC 2) (世嘉 CD 32X) (RE-1),MDCD#290,
Night Trap (USA) (Disc 2),午夜陷阱 （美版） (DISC 2),MDCD#291,
"Ninja Warriors, The (Japan)",忍者战士 （日版）,MDCD#292,
Nobunaga no Yabou - Haouden (Japan),信长之野望 - 霸王传 （日版）,MDCD#293,
Nostalgia 1907 (Japan),怀旧 1907 （日版）,MDCD#294,
Note! Color Mechanica (USA) (Unl) (Alt),注意!彩色力学 （美版） （未授权版） (ALT),MDCD#295,
Note! Color Mechanica (USA) (Unl),注意!彩色力学 （美版） （未授权版）,MDCD#296,
Novastorm (Europe) (Demo),诺瓦风暴 （欧版） (体验版),MDCD#297,
Novastorm (Europe),诺瓦风暴 （欧版）,MDCD#298,
Novastorm (USA),诺瓦风暴 （美版）,MDCD#299,
Panic! (USA) (RE),恐慌! （美版） (RE),MDCD#300,
Pier Solar and the Great Architects Enhanced Soundtrack Disc (USA),太阳码头与大建筑师 增强音轨光盘 （美版）,MDCD#301,
Pitfall - The Mayan Adventure (Europe) (Demo),玛雅历险记 （欧版） (体验版),MDCD#302,
Pitfall - The Mayan Adventure (Europe),玛雅历险记 （欧版）,MDCD#303,
Pitfall - The Mayan Adventure (USA),玛雅历险记 （美版）,MDCD#304,
Popful Mail (Japan) (Sample),美少女剑士 （日版） 体验版,MDCD#305,
Popful Mail (Japan),美少女剑士 （日版）,MDCD#306,
Popful Mail (USA) (RE),美少女剑士 （美版） (RE),MDCD#307,
Power Factory (Europe),电力工厂 （欧版）,MDCD#308,
Power Factory (USA),电力工厂 （美版）,MDCD#309,
Power Monger (USA),权力征战 （美版）,MDCD#310,
PowerMonger (Europe),权力征战 （欧版）,MDCD#311,
Prince of Persia (Europe),波斯王子 （欧版）,MDCD#312,
Prince of Persia (Japan),波斯王子 （日版）,MDCD#313,
Prince of Persia (USA),波斯王子 （美版）,MDCD#314,
Prize Fighter (Europe) (Disc 1),拳击手 （欧版） (DISC 1),MDCD#315,
Prize Fighter (Europe) (Disc 2),拳击手 （欧版） (DISC 2),MDCD#316,
Prize Fighter (Japan) (Disc 1),拳击手 （日版） (DISC 1),MDCD#317,
Prize Fighter (Japan) (Disc 2),拳击手 （日版） (DISC 2),MDCD#318,
Prize Fighter (USA) (Disc 1) (Alt),拳击手 （美版） (DISC 1) (ALT),MDCD#319,
Prize Fighter (USA) (Disc 1),拳击手 （美版） (DISC 1),MDCD#320,
Prize Fighter (USA) (Disc 2),拳击手 （美版） (DISC 2),MDCD#321,
Pro Yakyuu Super League CD (Japan),职业棒球超级联赛 CD （日版）,MDCD#322,
Psychic Detective Series Vol. 3 - Aya (Japan),精神侦探 系列 卷 3 - AYA （日版）,MDCD#323,
Psychic Detective Series Vol. 4 - Orgel (Japan),精神侦探 系列 卷 4 - ORGEL （日版）,MDCD#324,
Psygnosis Christmas Sampler (Europe) (Alt),精神圣诞节 样本 （欧版） (ALT),MDCD#325,
Psygnosis Christmas Sampler (Europe),精神圣诞节 样本 （欧版）,MDCD#326,
Puggsy (Europe),海岛冒险 （欧版）,MDCD#327,
Puggsy (USA),海岛冒险 （美版）,MDCD#328,
Quiz Scramble Special (Japan) (Rev B),抢答竞猜 特别版 （日版） (REV B),MDCD#329,
Quiz Tonosama no Yabou (Japan),问答殿样之野望 （日版）,MDCD#330,
Racing Aces (USA),竞速王牌 （美版）,MDCD#331,
Radical Rex (USA),激进霸王龙 （美版）,MDCD#332,
Ranma 1-2 - Byakuranaika (Japan),乱马 1-2 - 白兰爱歌 （日版）,MDCD#333,
RDF - Global Conflict (USA),RDF - 全球冲突 （美版）,MDCD#334,
Record of Lodoss War (Japan) (Sample),罗德岛战记 （日版） 体验版,MDCD#335,
Record of Lodoss War (Japan),罗德岛战记 （日版）,MDCD#336,
Revenge of the Ninja (USA),复仇忍者 （美版）,MDCD#337,
Revengers of Vengeance (USA),复仇者 （美版）,MDCD#338,
Rise of the Dragon (USA) (Rerelease) (RE),龙之崛起 （美版） (再发行版) (RE),MDCD#339,
Rise of the Dragon (USA),龙之崛起 （美版）,MDCD#340,
Rise of the Dragon - A Blade Hunter Mystery (Japan),龙之崛起 - A 战斗陀螺  BEY剑 HUNTER 神秘岛ERY （日版）,MDCD#341,
Road Avenger (Europe),道路复仇者 （欧版）,MDCD#342,
Road Avenger (USA),道路复仇者 （美版）,MDCD#343,
Road Blaster FX (Japan),公路风暴 FX （日版）,MDCD#344,
Road Rash (USA),暴力摩托 （美版）,MDCD#345,
Robo Aleste (Europe),电忍雅士达 （欧版）,MDCD#346,
Robo Aleste (USA),电忍雅士达 （美版）,MDCD#347,
Samurai Shodown (Europe) (Demo),侍魂 （欧版） (体验版),MDCD#348,
Samurai Shodown (Europe),侍魂 （欧版）,MDCD#349,
Samurai Shodown (USA) (RE),侍魂 （美版） (RE),MDCD#350,
Sangokushi III (Japan),三国志 III （日版）,MDCD#351,
"Secret of Monkey Island, The (Japan)",猴岛小英雄 （日版）,MDCD#352,
"Secret of Monkey Island, The (USA) (RE)",猴岛小英雄 （美版） (RE),MDCD#353,
Sega Classic Arcade Collection - Limited Edition (Japan),世嘉 经典街机 精选集 - 限定版 （日版）,MDCD#354,
Sega Classics Arcade Collection (USA) (4-in-1) (RE),世嘉 经典街机 精选集 （美版） (4-IN-1) (RE),MDCD#355,
Sega Classics Arcade Collection (USA) (4-in-1) (RE2),世嘉 经典街机 精选集 （美版） (4-IN-1) (RE2),MDCD#356,
Sega Classics Arcade Collection (USA) (5-in-1),世嘉 经典街机 精选集 （美版） (5-IN-1),MDCD#357,
Sega Classics Arcade Collection - Limited Edition (Europe) (Rev A) (Alt),世嘉 经典街机 精选集 - 限定版 （欧版） (REV A) (ALT),MDCD#358,
Sega Classics Arcade Collection - Limited Edition (Europe) (Rev A),世嘉 经典街机 精选集 - 限定版 （欧版） (REV A),MDCD#359,
"Seima Densetsu 3x3 Eyes (Japan, Korea)","圣魔传说 3X3只眼 (日版,韩版)",MDCD#360,
Seirei Shinseiki - Fhey Area (Japan),精灵新世纪 （日版）,MDCD#361,
Sengoku Denshou (Japan),战国传承 （日版）,MDCD#362,
Sensible Soccer (Europe) (Demo),感官足球 （欧版） (体验版),MDCD#363,
Sensible Soccer (Europe),感官足球 （欧版）,MDCD#364,
Sewer Shark (Europe),下水道鲨鱼 （欧版）,MDCD#365,
Sewer Shark (USA) (Not for Resale) (Alt 1),下水道鲨鱼 （美版） (NOT FOR RESALE) (ALT 1),MDCD#366,
Sewer Shark (USA) (Not for Resale) (Alt 2),下水道鲨鱼 （美版） (NOT FOR RESALE) (ALT 2),MDCD#367,
Sewer Shark (USA) (Not for Resale),下水道鲨鱼 （美版） (NOT FOR RESALE),MDCD#368,
Sewer Shark (USA) (Rev 1),下水道鲨鱼 （美版） (REV 1),MDCD#369,
Sewer Shark (USA),下水道鲨鱼 （美版）,MDCD#370,
Shadow of the Beast II (USA),暗影野兽 II （美版）,MDCD#371,
Shadow of the Beast II - Juushin no Jubaku (Japan),暗影野兽 II - 兽神的咒缚 （日版）,MDCD#372,
Shadowrun (Japan),暗影狂奔 （日版）,MDCD#373,
Sherlock Holmes - Consulting Detective (Europe),福尔摩斯-咨询侦探 （欧版）,MDCD#374,
Sherlock Holmes - Consulting Detective (USA),福尔摩斯-咨询侦探 （美版）,MDCD#375,
Sherlock Holmes - Consulting Detective Vol. II (Europe) (Disc 1),福尔摩斯-咨询侦探 卷 II （欧版） (DISC 1),MDCD#376,
Sherlock Holmes - Consulting Detective Vol. II (Europe) (Disc 2),福尔摩斯-咨询侦探 卷 II （欧版） (DISC 2),MDCD#377,
Sherlock Holmes - Consulting Detective Vol. II (USA) (Disc 1),福尔摩斯-咨询侦探 卷 II （美版） (DISC 1),MDCD#378,
Sherlock Holmes - Consulting Detective Vol. II (USA) (Disc 2),福尔摩斯-咨询侦探 卷 II （美版） (DISC 2),MDCD#379,
Shin Megami Tensei (Japan),真·女神转生 （日版）,MDCD#380,
Shining Force CD (Europe),光明力量 CD （欧版）,MDCD#381,
Shining Force CD (Japan),光明力量 CD （日版）,MDCD#382,
Shining Force CD (USA) (3R),光明力量 CD （美版） (3R),MDCD#383,
"Shining Force CD (USA) (5R, 6R)","光明力量 CD （美版） (5R, 6R)",MDCD#384,
Silpheed (Europe),银星战机 （欧版）,MDCD#385,
Silpheed (Japan) (Sample),银星战机 （日版） 体验版,MDCD#386,
Silpheed (Japan),银星战机 （日版）,MDCD#387,
Silpheed (USA),银星战机 （美版）,MDCD#388,
SimEarth (Japan),模拟地球 （日版）,MDCD#389,
Sing!! Sega Game Music Presented by B. B. Queens (Japan),唱！B.B.QUEENS推出的世嘉游戏音乐 （日版）,MDCD#390,
Slam City with Scottie Pippen (Europe) (Disc 1) (Fingers) (Demo),斯考蒂·皮蓬与篮球城市 （欧版） (DISC 1) (FINGERS) (体验版),MDCD#391,
Slam City with Scottie Pippen (Europe) (Disc 1) (Fingers) (Mega-CD 32X),斯考蒂·皮蓬与篮球城市 （欧版） (DISC 1) (FINGERS) (MEGA-CD 32X),MDCD#392,
Slam City with Scottie Pippen (Europe) (Disc 1) (Fingers),斯考蒂·皮蓬与篮球城市 （欧版） (DISC 1) (FINGERS),MDCD#393,
Slam City with Scottie Pippen (Europe) (Disc 2) (Juice) (Mega-CD 32X),斯考蒂·皮蓬与篮球城市 （欧版） (DISC 2) (JUICE) (MEGA-CD 32X),MDCD#394,
Slam City with Scottie Pippen (Europe) (Disc 2) (Juice),斯考蒂·皮蓬与篮球城市 （欧版） (DISC 2) (JUICE),MDCD#395,
Slam City with Scottie Pippen (Europe) (Disc 3) (Mad Dog) (Mega-CD 32X),斯考蒂·皮蓬与篮球城市 （欧版） (DISC 3) (疯狗) (MEGA-CD 32X),MDCD#396,
Slam City with Scottie Pippen (Europe) (Disc 3) (Mad Dog),斯考蒂·皮蓬与篮球城市 （欧版） (DISC 3) (疯狗),MDCD#397,
Slam City with Scottie Pippen (Europe) (Disc 4) (Smash) (Mega-CD 32X),斯考蒂·皮蓬与篮球城市 （欧版） (DISC 4) (SMASH) (MEGA-CD 32X),MDCD#398,
Slam City with Scottie Pippen (Europe) (Disc 4) (Smash),斯考蒂·皮蓬与篮球城市 （欧版） (DISC 4) (SMASH),MDCD#399,
Slam City with Scottie Pippen (USA) (Disc 1) (Fingers) (Sega CD 32X),斯考蒂·皮蓬与篮球城市 （美版） (DISC 1) (FINGERS) (世嘉 CD 32X),MDCD#400,
Slam City with Scottie Pippen (USA) (Disc 1) (Fingers),斯考蒂·皮蓬与篮球城市 （美版） (DISC 1) (FINGERS),MDCD#401,
Slam City with Scottie Pippen (USA) (Disc 2) (Juice) (Sega CD 32X),斯考蒂·皮蓬与篮球城市 （美版） (DISC 2) (JUICE) (世嘉 CD 32X),MDCD#402,
Slam City with Scottie Pippen (USA) (Disc 3) (Mad Dog) (Sega CD 32X),斯考蒂·皮蓬与篮球城市 （美版） (DISC 3) (疯狗) (世嘉 CD 32X),MDCD#403,
Slam City with Scottie Pippen (USA) (Disc 3) (Mad Dog),斯考蒂·皮蓬与篮球城市 （美版） (DISC 3) (疯狗),MDCD#404,
Slam City with Scottie Pippen (USA) (Disc 4) (Smash) (RE-1),斯考蒂·皮蓬与篮球城市 （美版） (DISC 4) (SMASH) (RE-1),MDCD#405,
Slam City with Scottie Pippen (USA) (Disc 4) (Smash) (Sega CD 32X),斯考蒂·皮蓬与篮球城市 （美版） (DISC 4) (SMASH) (世嘉 CD 32X),MDCD#406,
"Slam City with Scottie Pippen (USA, Brazil) (Disc 1) (Fingers) (RE-1)","斯考蒂·皮蓬与篮球城市 (美国版,巴西版) (DISC 1) (FINGERS) (RE-1)",MDCD#407,
"Slam City with Scottie Pippen (USA, Brazil) (Disc 2) (Juice) (RE-1)","斯考蒂·皮蓬与篮球城市 (美国版,巴西版) (DISC 2) (JUICE) (RE-1)",MDCD#408,
"Slam City with Scottie Pippen (USA, Brazil) (Disc 3) (Mad Dog) (RE-1)","斯考蒂·皮蓬与篮球城市 (美国版,巴西版) (DISC 3) (疯狗) (RE-1)",MDCD#409,
"Slam City with Scottie Pippen (USA, Brazil) (Disc 4) (Smash)","斯考蒂·皮蓬与篮球城市 (美国版,巴西版) (DISC 4) (SMASH)",MDCD#410,
"Smurfs, The (Europe) (En,Fr,De,Es,It)","蓝精灵 （欧版） (EN,FR,DE,ES,IT)",MDCD#411,
Snatcher (Europe) (Beta),诱拐者 （欧版） (测试版),MDCD#412,
Snatcher (Europe),诱拐者 （欧版）,MDCD#413,
Snatcher (USA),诱拐者 （美版）,MDCD#414,
"Software Toolworks' Star Wars Chess, The (Europe)",星球大战国际象棋 （欧版）,MDCD#415,
"Software Toolworks' Star Wars Chess, The (USA) (Alt)",星球大战国际象棋 （美版） (ALT),MDCD#416,
"Software Toolworks' Star Wars Chess, The (USA)",星球大战国际象棋 （美版）,MDCD#417,
Sol-Feace (Europe) (Alt),溶胶围墙 （欧版） (ALT),MDCD#418,
Sol-Feace (Europe),溶胶围墙 （欧版）,MDCD#419,
Sol-Feace (Japan),溶胶围墙 （日版）,MDCD#420,
Sol-Feace (USA) (RE2),溶胶围墙 （美版） (RE2),MDCD#421,
Sonic CD (Europe),索尼克 CD （欧版）,MDCD#422,
Sonic CD (Japan) (Demo),索尼克 CD （日版） (体验版),MDCD#423,
Sonic CD (USA) (RE125) (Alt),索尼克 CD （美版） (RE125) (ALT),MDCD#424,
Sonic CD (USA) (RE125),索尼克 CD （美版） (RE125),MDCD#425,
Sonic CD (USA),索尼克 CD （美版）,MDCD#426,
Sonic MegaMix (USA) (Unl),索尼克 MEGAMIX （美版） （未授权版）,MDCD#427,
Sonic The Hedgehog CD (Japan) (Beta),索尼克 CD （日版） (测试版),MDCD#428,
Sonic The Hedgehog CD (Japan),索尼克 CD （日版）,MDCD#429,
SoulStar & Battlecorps (Europe) (Demo),灵魂之星 & 战斗军团 （欧版） (体验版),MDCD#430,
SoulStar (Europe) (Demo),灵魂之星 （欧版） (体验版),MDCD#431,
"SoulStar (Europe) (En,Fr,De)","灵魂之星 （欧版） (EN,FR,DE)",MDCD#432,
SoulStar (Japan),灵魂之星 （日版）,MDCD#433,
SoulStar (USA),灵魂之星 （美版）,MDCD#434,
Space Ace (USA) (Demo),太空高手 （美版） (体验版),MDCD#435,
Space Ace (USA),太空高手 （美版）,MDCD#436,
"Space Adventure, The - Cobra - The Legendary Bandit (Europe)",太空探险 - 眼镜蛇 - 传说中的强盗 （欧版）,MDCD#437,
"Space Adventure, The - Cobra - The Legendary Bandit (USA)",太空探险 - 眼镜蛇 - 传说中的强盗 （美版）,MDCD#438,
Star Wars - Rebel Assault (Europe) (Demo) (Mega Power),星球大战 - 绝地大反击 （欧版） (体验版) (MEGA POWER),MDCD#439,
Star Wars - Rebel Assault (Europe) (Demo) (Sega Pro),星球大战 - 绝地大反击 （欧版） (体验版) (世嘉 PRO),MDCD#440,
Star Wars - Rebel Assault (Europe),星球大战 - 绝地大反击 （欧版）,MDCD#441,
Star Wars - Rebel Assault (Japan),星球大战 - 绝地大反击 （日版）,MDCD#442,
Star Wars - Rebel Assault (USA),星球大战 - 绝地大反击 （美版）,MDCD#443,
Starblade (Europe),星际保卫战 （欧版）,MDCD#444,
Starblade (Japan),星际保卫战 （日版）,MDCD#445,
Starblade (USA),星际保卫战 （美版）,MDCD#446,
Stellar-Fire (USA),恒星突击 （美版）,MDCD#447,
Super Strike Trilogy (USA) (Unl),超级三重打击 （美版） （未授权版）,MDCD#448,
Supreme Warrior (Europe) (Disc 1) (Mega-CD 32X),英雄 （欧版） (DISC 1) (MEGA-CD 32X),MDCD#449,
Supreme Warrior (Europe) (Disc 1),英雄 （欧版） (DISC 1),MDCD#450,
Supreme Warrior (Europe) (Disc 2) (Mega CD-32X),英雄 （欧版） (DISC 2) (MEGA CD-32X),MDCD#451,
Supreme Warrior (Europe) (Disc 2),英雄 （欧版） (DISC 2),MDCD#452,
Supreme Warrior (USA) (Disc 1) (Fire & Earth) (Sega CD 32X),英雄 （美版） (DISC 1) (FIRE & EARTH) (世嘉 CD 32X),MDCD#453,
Supreme Warrior (USA) (Disc 1) (Fire & Earth),英雄 （美版） (DISC 1) (FIRE & EARTH),MDCD#454,
Supreme Warrior (USA) (Disc 2) (Wind & Fang Tu) (Sega CD 32X),英雄 （美版） (DISC 2) (WIND & FANG TU) (世嘉 CD 32X),MDCD#455,
Supreme Warrior (USA) (Disc 2) (Wind & Fang Tu),英雄 （美版） (DISC 2) (WIND & FANG TU),MDCD#456,
Surgical Strike (Brazil) (Sega CD 32X),精确打击 （巴西版） (世嘉 CD 32X),MDCD#457,
Surgical Strike (Europe),精确打击 （欧版）,MDCD#458,
Surgical Strike (Japan),精确打击 （日版）,MDCD#459,
Surgical Strike (USA) (Alt),精确打击 （美版） (ALT),MDCD#460,
Surgical Strike (USA),精确打击 （美版）,MDCD#461,
Switch (Japan),开关 （日版）,MDCD#462,
Syndicate (Europe),辛加迪 （欧版）,MDCD#463,
Tenbu Mega CD Special (Japan),天舞 MEGA CD 特别版 （日版）,MDCD#464,
Tenkafubu - Eiyuutachi no Houkou (Japan),天下布武-英雄们的咆哮 （日版）,MDCD#465,
"Terminator, The (Europe)",终结者 （欧版）,MDCD#466,
"Terminator, The (USA)",终结者 （美版）,MDCD#467,
Theme Park (Europe),主题乐园 （欧版）,MDCD#468,
Third World War (USA),第三次世界大战 （美版）,MDCD#469,
Thunder Storm FX (Japan),雷霆风暴 FX （日版）,MDCD#470,
"Thunderhawk (Europe) (Demo) (Mega Power, Sega Pro)","雷霆飞鹰 （欧版） (体验版) (MEGA POWER, 世嘉 PRO)",MDCD#471,
Thunderhawk (Europe) (Demo),雷霆飞鹰 （欧版） (体验版),MDCD#472,
"Thunderhawk (Europe) (En,Fr,De,Es) (RE)","雷霆飞鹰 （欧版） (EN,FR,DE,ES) (RE)",MDCD#473,
Thunderhawk (Japan) (Demo),雷霆飞鹰 （日版） (体验版),MDCD#474,
Thunderhawk (Japan),雷霆飞鹰 （日版）,MDCD#475,
Time Gal (Europe),时间少女 （欧版）,MDCD#476,
Time Gal (Japan),时间少女 （日版）,MDCD#477,
Time Gal (USA),时间少女 （美版）,MDCD#478,
TimeCop (Europe) (Demo),时空特警 （欧版） (体验版),MDCD#479,
Tomcat Alley (Australia),雄猫战机 (澳洲版),MDCD#480,
Tomcat Alley (Europe),雄猫战机 （欧版）,MDCD#481,
Tomcat Alley (France),雄猫战机 （法版）,MDCD#482,
Tomcat Alley (Germany),雄猫战机 （德版）,MDCD#483,
Tomcat Alley (Japan),雄猫战机 （日版）,MDCD#484,
Tomcat Alley (Spain),雄猫战机 (西班牙版),MDCD#485,
Tomcat Alley (USA) (Alt),雄猫战机 （美版） (ALT),MDCD#486,
Tomcat Alley (USA),雄猫战机 （美版）,MDCD#487,
Trivial Pursuit (USA),棋盘问答 （美版）,MDCD#488,
Ultraverse Prime (USA),超级英雄PRIME （美版）,MDCD#489,
Urusei Yatsura - Dear My Friends (Japan) (Sample),福星小子 - 我亲爱的朋友 （日版） 体验版,MDCD#490,
Urusei Yatsura - Dear My Friends (Japan),福星小子 - 我亲爱的朋友 （日版）,MDCD#491,
Vay (USA),VAY （美版）,MDCD#492,
Vay - Ryuusei no Yoroi (Japan),VAY - 流星之铠 （日版）,MDCD#493,
Wakusei Woodstock - Funky Horror Band (Japan),惑星伍德斯托之恐怖乐队 （日版）,MDCD#494,
Warau Salesman (Japan),笑面推销员 （日版）,MDCD#495,
Wheel of Fortune (USA),幸运轮盘 （美版）,MDCD#496,
Who Shot Johnny Rock (USA),谁杀了约翰尼·洛克 （美版）,MDCD#497,
Wild Woody (USA),啄木鸟伍迪 （美版）,MDCD#498,
Wing Commander (Japan),银河飞将 （日版）,MDCD#499,
Wing Commander (USA),银河飞将 （美版）,MDCD#500,
Winning Post (Japan),赛马大亨 （日版）,MDCD#501,
WireHead (USA),弹头 （美版）,MDCD#502,
Wolfchild (Europe),狼孩 （欧版）,MDCD#503,
Wolfchild (Japan),狼孩 （日版）,MDCD#504,
Wolfchild (USA),狼孩 （美版）,MDCD#505,
Wonder Dog (Europe),奇迹狗 （欧版）,MDCD#506,
Wonder Dog (Japan),奇迹狗 （日版）,MDCD#507,
Wonder Dog (USA) (RE),奇迹狗 （美版） (RE),MDCD#508,
WonderMega Collection (Japan),奇迹MEGA 精选集 （日版）,MDCD#509,
World Cup USA '94 (Europe),美国世界杯 '94 （欧版）,MDCD#510,
World Cup USA '94 (USA),美国世界杯 '94 （美版）,MDCD#511,
WWF - Rage in the Cage (Europe),WWF 笼中之怒 （欧版）,MDCD#512,
WWF - Rage in the Cage (USA),WWF 笼中之怒 （美版）,MDCD#513,
WWF Mania Tour - WWF - Rage in the Cage (Japan),WWF 疯狂之旅 - WWF 笼中之怒 （日版）,MDCD#514,
Yumemi Mystery Mansion (Australia),梦美 神秘大厦 (澳洲版),MDCD#515,
Yumemi Mystery Mansion (Europe) (Made in EU),梦美 神秘大厦 （欧版） (MADE IN EU),MDCD#516,
Yumemi Mystery Mansion (Europe) (Made in Japan),梦美 神秘大厦 （欧版） (MADE IN JAPAN),MDCD#517,
Yumemi Yakata no Monogatari (Japan) (Demo),夢見館物語 （日版） (体验版),MDCD#518,
Yumemi Yakata no Monogatari (Japan),夢見館物語 （日版）,MDCD#519,
Yumimi Mix (Japan),吉泽弓美 MIX （日版）,MDCD#520,
CD Sonic The Hedgehog (Japan) (Beta 1),索尼克刺猬 CD(日版)(测试版1),MDCD#521,
CD Sonic The Hedgehog (Japan) (Beta 2),索尼克刺猬 CD(日版)(测试版2),MDCD#522,
CD Sonic The Hedgehog (Japan) (Beta 3),索尼克刺猬 CD(日版)(测试版3),MDCD#523,
Marko (USA) (Unl),马尔科(美版),MDCD#524,
Sega CD Demo (Japan) (Proto),世嘉CD体验版(日版)(原型版),MDCD#525,
Sonic CD (Europe) (Beta 1),索尼克刺猬 CD(欧版)(测试版1),MDCD#526,
Sonic CD (Europe) (Beta 2),索尼克刺猬 CD(欧版)(测试版2),MDCD#527,
Sonic CD (USA) (Beta),索尼克刺猬 CD(美版)(测试版),MDCD#528,
Sonic The Hedgehog CD (Japan) (Beta 1)_2,索尼克刺猬 CD(日版)(测试版1),MDCD#529,
Sonic The Hedgehog CD (Japan) (Beta 2),索尼克刺猬 CD(日版)(测试版2),MDCD#530,
Sonic The Hedgehog CD (Japan) (Demo),索尼克刺猬 CD(日版)(体验版),MDCD#531,
Star Strike (USA) (Unl),星际出击(美版),MDCD#532,
